<?xml version="1.0" encoding="UTF-8"?>
<beans xmlns="http://www.springframework.org/schema/beans"
	xmlns:xsi="http://www.w3.org/2001/XMLSchema-instance" xmlns:p="http://www.springframework.org/schema/p"
	xmlns:context="http://www.springframework.org/schema/context"
	xmlns:mvc="http://www.springframework.org/schema/mvc"
	xsi:schemaLocation=" 
           http://www.springframework.org/schema/beans 
           http://www.springframework.org/schema/beans/spring-beans-3.0.xsd 
           http://www.springframework.org/schema/context 
           http://www.springframework.org/schema/context/spring-context-3.0.xsd
           http://www.springframework.org/schema/mvc 
           http://www.springframework.org/schema/mvc/spring-mvc-3.0.xsd"
	default-autowire="byName">
    
    
    <mvc:resources mapping="/img/**" location="/img/" />
    <mvc:resources mapping="/css/**" location="/css/" />
    <mvc:resources mapping="/css/admin/**" location="/css/admin" />
    <mvc:resources mapping="/images/**" location="/images/" />
    <mvc:resources mapping="/js/**" location="/js/" />
    <mvc:resources mapping="/js/admin/**" location="/js/admin/" />
    <mvc:resources mapping="/eventImg/**" location="/eventImg/" />

	<!-- scan for controllers -->
	<context:component-scan base-package="gossip.server.action" />
    <context:component-scan base-package="gossip.server.admin" />

	<!-- InternalResourceViewResolver默认的就是JstlView所以这里就不用配置viewClass了 -->
	<bean
		class="org.springframework.web.servlet.view.InternalResourceViewResolver">
		<property name="prefix" value="/WEB-INF/pages/"></property>
		<property name="suffix" value=".jsp"></property>
	</bean>

	<!-- Handler Mapping -->
	
	
	<bean
		class="org.springframework.web.servlet.mvc.annotation.DefaultAnnotationHandlerMapping" />
		
	<bean
		class="org.springframework.web.servlet.mvc.annotation.AnnotationMethodHandlerAdapter">
		<!-- 配置一下对json数据的转换 -->
		<property name="messageConverters">
		    
			<list>
				<bean
					class="org.springframework.http.converter.json.MappingJacksonHttpMessageConverter"></bean>
			</list>
		</property>
	</bean>
	
	
    <!-- 上传拦截，如最大上传值及最小上传值 
	<bean id="multipartResolver"
		class="org.springframework.web.multipart.commons.CommonsMultipartResolver">
		<property name="maxUploadSize" value="100000000" />
	</bean>
	-->
</beans>